File,Link URL,Status,Type
methodology.html,./index.html,Functional,Internal
methodology.html,./methodology.html,Functional,Internal
methodology.html,./case-study.html,Functional,Internal
methodology.html,./recursos.html,Functional,Internal
methodology.html,./diagnostics.html,Functional,Internal
methodology.html,./index.html,Functional,Internal
methodology.html,./methodology.html,Functional,Internal
methodology.html,./case-study.html,Functional,Internal
methodology.html,./recursos.html,Functional,Internal
methodology.html,./diagnostics.html,Functional,Internal
recursos.html,./index.html,Functional,Internal
recursos.html,./methodology.html,Functional,Internal
recursos.html,./case-study.html,Functional,Internal
recursos.html,./recursos.html,Functional,Internal
recursos.html,./diagnostics.html,Functional,Internal
recursos.html,./index.html,Functional,Internal
recursos.html,./methodology.html,Functional,Internal
recursos.html,./case-study.html,Functional,Internal
recursos.html,./recursos.html,Functional,Internal
recursos.html,./diagnostics.html,Functional,Internal
diagnostics.html,./index.html,Functional,Internal
diagnostics.html,./methodology.html,Functional,Internal
diagnostics.html,./case-study.html,Functional,Internal
diagnostics.html,./recursos.html,Functional,Internal
diagnostics.html,./diagnostics.html,Functional,Internal
diagnostics.html,./index.html,Functional,Internal
diagnostics.html,./methodology.html,Functional,Internal
diagnostics.html,./case-study.html,Functional,Internal
diagnostics.html,./recursos.html,Functional,Internal
diagnostics.html,./diagnostics.html,Functional,Internal
index.html,./index.html,Functional,Internal
index.html,./methodology.html,Functional,Internal
index.html,./case-study.html,Functional,Internal
index.html,./recursos.html,Functional,Internal
index.html,./diagnostics.html,Functional,Internal
index.html,./index.html,Functional,Internal
index.html,./methodology.html,Functional,Internal
index.html,./case-study.html,Functional,Internal
index.html,./recursos.html,Functional,Internal
index.html,./diagnostics.html,Functional,Internal
case-study.html,./index.html,Functional,Internal
case-study.html,./methodology.html,Functional,Internal
case-study.html,./case-study.html,Functional,Internal
case-study.html,./recursos.html,Functional,Internal
case-study.html,./diagnostics.html,Functional,Internal
case-study.html,./index.html,Functional,Internal
case-study.html,./methodology.html,Functional,Internal
case-study.html,./case-study.html,Functional,Internal
case-study.html,./recursos.html,Functional,Internal
case-study.html,./diagnostics.html,Functional,Internal
